position,year_signed,n_used,top5_share
C,2011,5,0.03332640996884735
C,2012,5,0.044852819237147595
C,2013,5,0.022764227642276424
C,2014,5,0.03637367067669173
C,2015,5,0.04107691233947515
C,2016,5,0.04967690732272815
C,2017,5,0.0496095005988024
C,2018,5,0.04066027088036117
C,2019,5,0.05867428267800213
C,2020,5,0.039202825428859736
C,2021,5,0.044054794520547946
C,2022,5,0.04684678194044188
C,2023,5,0.026868327402135232
C,2024,5,0.04346123727486296
C,2025,5,0.042263610315186245
CB,2011,5,0.08639667705088265
CB,2012,5,0.06849585406301824
CB,2013,5,0.06140921463414634
CB,2014,5,0.09136842105263157
CB,2015,5,0.07314309324399776
CB,2016,5,0.07535261157982868
CB,2017,5,0.0775688622754491
CB,2018,5,0.06282919525959368
CB,2019,5,0.06275239107332625
CB,2020,5,0.09075008375378406
CB,2021,5,0.0708310498630137
CB,2022,5,0.08254883093179635
CB,2023,5,0.05833333362989324
CB,2024,5,0.08256460454189507
CB,2025,5,0.08997134670487106
ED,2011,4,0.03564901349948079
ED,2012,5,0.09532131011608623
ED,2013,5,0.06906341463414634
ED,2014,5,0.07368981052631579
ED,2015,5,0.07162423227247347
ED,2016,5,0.07127369485412507
ED,2017,5,0.0624251497005988
ED,2018,5,0.07212189616252822
ED,2019,5,0.08377612433581297
ED,2020,5,0.09460141271442986
ED,2021,5,0.10137287671232877
ED,2022,5,0.09606147934678194
ED,2023,5,0.10720640569395018
ED,2024,5,0.0681545285826155
ED,2025,5,0.1489971346704871
IDL,2011,5,0.07216337777777777
IDL,2012,5,0.053482587064676616
IDL,2013,5,0.04782991869918699
IDL,2014,5,0.07931077744360902
IDL,2015,5,0.09194402568397543
IDL,2016,5,0.07839033039222
IDL,2017,5,0.07976047904191616
IDL,2018,5,0.07747554514672686
IDL,2019,5,0.048538788522848035
IDL,2020,5,0.08592330978809283
IDL,2021,5,0.07041095890410959
IDL,2022,5,0.05465898174831892
IDL,2023,5,0.09624258629893238
IDL,2024,5,0.10219263899765074
IDL,2025,5,0.07725644699140401
LB,2011,5,0.07228934579439253
LB,2012,5,0.0664075456053068
LB,2013,5,0.05105691056910569
LB,2014,5,0.04806015037593985
LB,2015,5,0.0681798701842546
LB,2016,5,0.04830295614091582
LB,2017,5,0.06548263473053892
LB,2018,5,0.050790067720090294
LB,2019,5,0.08187035069075452
LB,2020,5,0.05776992936427851
LB,2021,5,0.08122739726027398
LB,2022,5,0.041978866474543707
LB,2023,5,0.06331405693950179
LB,2024,5,0.04535630305403289
LB,2025,5,0.05659025787965616
LG,2011,5,0.04411214953271028
LG,2012,5,0.047595356550580434
LG,2013,5,0.026112986991869917
LG,2014,5,0.03525480751879699
LG,2015,5,0.03697887632607482
LG,2016,5,0.03652991563083661
LG,2017,5,0.034341317365269464
LG,2018,5,0.05150112866817155
LG,2019,5,0.04155154091392136
LG,2020,5,0.03940464177598386
LG,2021,5,0.051835616438356165
LG,2022,5,0.05627601633045149
LG,2023,5,0.02713523131672598
LG,2024,5,0.054228660924040724
LG,2025,5,0.06488777435530085
LT,2011,4,0.05544652128764278
LT,2012,3,0.045121614151464894
LT,2013,5,0.05185853658536586
LT,2014,4,0.07269736842105264
LT,2015,5,0.0700502512562814
LT,2016,5,0.07290526180202228
LT,2017,5,0.06790419161676647
LT,2018,5,0.06957066478555304
LT,2019,5,0.04277364505844846
LT,2020,5,0.0991422805247225
LT,2021,5,0.09316712328767124
LT,2022,5,0.0666458530259366
LT,2023,5,0.06742852846975089
LT,2024,5,0.09089532732967893
LT,2025,5,0.08488538681948424
QB,2011,5,0.059267455867082035
QB,2012,5,0.0779297960199005
QB,2013,5,0.1601897024390244
QB,2014,5,0.13022556390977444
QB,2015,5,0.14841219988833054
QB,2016,5,0.14487967153989825
QB,2017,5,0.09401796407185628
QB,2018,5,0.16252821670428894
QB,2019,5,0.17266206163655687
QB,2020,5,0.17305751765893038
QB,2021,5,0.10246575342465754
QB,2022,5,0.20228065321805955
QB,2023,5,0.19884341637010677
QB,2024,5,0.21620986687548943
QB,2025,5,0.14255014326647564
RB,2011,5,0.0782672199376947
RB,2012,5,0.06111111111111111
RB,2013,5,0.028997289430894312
RB,2014,5,0.02481203007518797
RB,2015,5,0.05042806672250139
RB,2016,5,0.03827740967347201
RB,2017,5,0.029940119760479042
RB,2018,5,0.05097253498871332
RB,2019,5,0.04519128586609989
RB,2020,5,0.06419359535822401
RB,2021,5,0.04505479452054795
RB,2022,5,0.029827089337175792
RB,2023,5,0.030338078291814948
RB,2024,5,0.05145523335943618
RB,2025,5,0.048782234957020054
RG,2011,5,0.03846313603322949
RG,2012,5,0.023466003316749584
RG,2013,4,0.018313008130081302
RG,2014,5,0.02457894736842105
RG,2015,5,0.01993217755443886
RG,2016,5,0.05345527146261351
RG,2017,5,0.06317365269461078
RG,2018,5,0.044525959367945823
RG,2019,5,0.04360609245483528
RG,2020,5,0.03128153380423814
RG,2021,5,0.02660821917808219
RG,2022,5,0.04700608357348703
RG,2023,5,0.05130486387900356
RG,2024,5,0.06199425763508223
RG,2025,5,0.04086246418338109
RT,2011,5,0.04469366562824507
RT,2012,4,0.024512852404643452
RT,2013,5,0.04890650406504065
RT,2014,5,0.045112781954887216
RT,2015,5,0.03747906197654941
RT,2016,5,0.047208089135055066
RT,2017,5,0.036467065868263475
RT,2018,5,0.03137697516930023
RT,2019,5,0.07280021253985122
RT,2020,5,0.03809283551967709
RT,2021,5,0.07473972602739726
RT,2022,5,0.04586935638808838
RT,2023,5,0.08244365391459076
RT,2024,5,0.0846711041503524
RT,2025,5,0.07115568266475644
S,2011,5,0.05751471152647975
S,2012,5,0.030375898839137643
S,2013,5,0.056001629268292684
S,2014,5,0.05733377593984962
S,2015,5,0.04487088218872139
S,2016,5,0.05886530688478135
S,2017,5,0.06227544910179641
S,2018,5,0.034687734762979684
S,2019,5,0.07104144527098831
S,2020,5,0.06115035317860747
S,2021,5,0.06917808219178082
S,2022,5,0.07324399615754082
S,2023,5,0.04404359430604982
S,2024,5,0.04939963429913861
S,2025,5,0.06694126074498567
TE,2011,5,0.0536656282450675
TE,2012,5,0.04549474792703151
TE,2013,5,0.045113821138211385
TE,2014,5,0.03827067669172932
TE,2015,5,0.04599385817978783
TE,2016,5,0.053800991820699424
TE,2017,5,0.040778443113772454
TE,2018,5,0.04576749435665914
TE,2019,5,0.040860787460148776
TE,2020,5,0.05102169525731584
TE,2021,5,0.06931506849315068
TE,2022,5,0.046637848222862634
TE,2023,5,0.04604092526690391
TE,2024,5,0.040015661707126074
TE,2025,5,0.0542256446991404
WR,2011,5,0.0709607875389408
WR,2012,5,0.08575498175787727
WR,2013,5,0.08722520325203252
WR,2014,5,0.05896616541353383
WR,2015,5,0.08828866554997208
WR,2016,5,0.0712378450441167
WR,2017,5,0.08606786467065869
WR,2018,5,0.09153498871331829
WR,2019,5,0.09197662061636556
WR,2020,5,0.1001765893037336
WR,2021,5,0.08498630136986302
WR,2022,5,0.12459173871277618
WR,2023,5,0.03727758007117438
WR,2024,5,0.12607870007830854
WR,2025,5,0.11562790042979942
